{"meta": {"format": 2, "version": "7.4.4", "timestamp": "2024-04-14T21:54:16.357361", "branch_coverage": false, "show_contexts": false}, "files": {"service.py": {"executed_lines": [2, 3, 4, 5, 6, 8, 9, 10, 11, 12, 13, 14, 15, 16, 18, 35, 38, 41, 44, 47, 50, 53, 56, 65, 66, 74, 78, 79, 83, 84, 90, 91, 105, 106, 126, 127, 135, 139, 143, 147, 151, 155, 159, 163, 167, 171, 175, 179, 192, 193, 200, 202, 203], "summary": {"covered_lines": 21, "num_statements": 155, "percent_covered": 13.548387096774194, "percent_covered_display": "14", "missing_lines": 134, "excluded_lines": 0}, "missing_lines": [7, 17, 19, 20, 21, 22, 23, 24, 25, 26, 27, 28, 29, 30, 31, 32, 33, 34, 36, 37, 39, 40, 42, 43, 45, 46, 48, 49, 51, 52, 54, 55, 57, 58, 59, 60, 61, 62, 75, 80, 82, 85, 86, 87, 88, 89, 92, 93, 94, 95, 96, 97, 98, 99, 100, 101, 103, 104, 107, 108, 109, 110, 111, 112, 113, 114, 115, 116, 117, 118, 119, 120, 121, 122, 123, 124, 125, 128, 129, 130, 131, 132, 133, 136, 137, 138, 140, 141, 142, 144, 145, 146, 148, 149, 150, 152, 153, 154, 156, 157, 158, 160, 161, 162, 164, 165, 166, 168, 169, 170, 172, 173, 174, 176, 177, 178, 180, 181, 182, 183, 184, 185, 186, 187, 188, 189, 190, 191, 194, 195, 196, 197, 201, 204], "excluded_lines": []}}, "totals": {"covered_lines": 21, "num_statements": 155, "percent_covered": 13.548387096774194, "percent_covered_display": "14", "missing_lines": 134, "excluded_lines": 0}}